epoch,box,cls,kpt,Recall,Precision,mAP@50,F1,mAP
001,2.024,25.929,0.681,0.001,0.000,0.000,0.000,0.000
002,1.687,0.130,0.494,0.111,0.000,0.000,0.001,0.000
003,1.310,0.281,0.430,0.076,0.006,0.002,0.011,0.000
004,1.108,0.311,0.407,0.086,0.042,0.015,0.056,0.003
005,0.941,0.305,0.366,0.123,0.257,0.085,0.166,0.026
006,0.812,0.284,0.307,0.169,0.441,0.162,0.244,0.058
007,0.725,0.271,0.267,0.181,0.462,0.180,0.260,0.070
008,0.674,0.258,0.237,0.210,0.551,0.220,0.304,0.079
009,0.670,0.252,0.229,0.209,0.592,0.227,0.309,0.094
010,0.662,0.256,0.215,0.234,0.596,0.249,0.336,0.107
011,0.620,0.239,0.195,0.252,0.632,0.272,0.361,0.119
012,0.624,0.248,0.191,0.259,0.651,0.283,0.371,0.125
013,0.610,0.255,0.200,0.271,0.674,0.297,0.386,0.131
014,0.590,0.254,0.192,0.282,0.692,0.314,0.401,0.142
015,0.570,0.257,0.186,0.288,0.684,0.318,0.405,0.144
016,0.579,0.258,0.184,0.292,0.701,0.326,0.412,0.147
017,0.566,0.251,0.175,0.298,0.701,0.329,0.418,0.152
018,0.566,0.250,0.173,0.304,0.723,0.345,0.428,0.156
019,0.565,0.253,0.174,0.307,0.730,0.349,0.432,0.161
020,0.569,0.253,0.167,0.314,0.724,0.353,0.438,0.165
021,0.555,0.246,0.165,0.317,0.729,0.357,0.442,0.167
022,0.567,0.246,0.165,0.323,0.734,0.363,0.448,0.172
023,0.541,0.242,0.160,0.320,0.738,0.363,0.447,0.172
024,0.544,0.241,0.158,0.326,0.734,0.369,0.451,0.176
025,0.539,0.239,0.156,0.333,0.738,0.375,0.459,0.178
026,0.557,0.246,0.160,0.333,0.743,0.373,0.460,0.179
027,0.535,0.240,0.151,0.336,0.750,0.381,0.464,0.182
028,0.558,0.245,0.155,0.334,0.759,0.383,0.464,0.182
029,0.520,0.229,0.148,0.341,0.760,0.388,0.471,0.185
030,0.534,0.235,0.150,0.345,0.749,0.390,0.473,0.186
031,0.545,0.236,0.148,0.350,0.747,0.391,0.477,0.189
032,0.528,0.233,0.147,0.352,0.755,0.398,0.480,0.192
033,0.527,0.235,0.146,0.353,0.753,0.399,0.481,0.192
034,0.547,0.242,0.145,0.352,0.761,0.401,0.481,0.194
035,0.512,0.233,0.142,0.357,0.766,0.409,0.487,0.197
036,0.525,0.235,0.146,0.362,0.757,0.410,0.489,0.198
037,0.531,0.235,0.142,0.362,0.758,0.409,0.490,0.198
038,0.528,0.234,0.140,0.365,0.765,0.411,0.494,0.199
039,0.522,0.230,0.139,0.365,0.767,0.416,0.495,0.202
040,0.506,0.231,0.136,0.364,0.766,0.412,0.493,0.201
041,0.511,0.231,0.136,0.369,0.768,0.417,0.498,0.202
042,0.507,0.230,0.136,0.371,0.772,0.421,0.501,0.206
043,0.512,0.227,0.136,0.373,0.768,0.420,0.502,0.205
044,0.516,0.232,0.136,0.376,0.768,0.425,0.505,0.208
045,0.524,0.237,0.134,0.376,0.769,0.426,0.505,0.207
046,0.529,0.235,0.134,0.377,0.767,0.427,0.505,0.208
047,0.513,0.229,0.132,0.377,0.772,0.427,0.507,0.209
048,0.512,0.229,0.132,0.378,0.772,0.430,0.507,0.210
049,0.497,0.226,0.129,0.380,0.775,0.431,0.510,0.212
050,0.517,0.231,0.131,0.383,0.768,0.432,0.512,0.212
051,0.510,0.230,0.129,0.384,0.769,0.430,0.512,0.212
052,0.517,0.231,0.132,0.386,0.771,0.434,0.515,0.213
053,0.493,0.225,0.128,0.384,0.774,0.435,0.513,0.215
054,0.496,0.223,0.126,0.387,0.776,0.438,0.517,0.216
055,0.509,0.235,0.128,0.387,0.775,0.438,0.516,0.217
056,0.506,0.227,0.128,0.389,0.778,0.440,0.519,0.217
057,0.500,0.223,0.126,0.389,0.778,0.442,0.519,0.218
058,0.516,0.231,0.128,0.390,0.777,0.442,0.519,0.218
059,0.500,0.224,0.124,0.393,0.775,0.445,0.522,0.220
060,0.495,0.224,0.124,0.395,0.773,0.446,0.523,0.220
061,0.506,0.227,0.128,0.395,0.773,0.446,0.523,0.220
062,0.507,0.230,0.125,0.396,0.769,0.446,0.523,0.220
063,0.494,0.225,0.122,0.397,0.772,0.447,0.525,0.221
064,0.506,0.223,0.122,0.399,0.771,0.448,0.526,0.222
065,0.480,0.218,0.120,0.399,0.774,0.449,0.526,0.223
066,0.486,0.220,0.120,0.398,0.777,0.449,0.527,0.223
067,0.480,0.219,0.121,0.399,0.775,0.450,0.527,0.223
068,0.503,0.227,0.122,0.400,0.773,0.451,0.527,0.224
069,0.485,0.219,0.120,0.401,0.774,0.451,0.528,0.224
070,0.521,0.231,0.124,0.402,0.775,0.453,0.529,0.225
071,0.489,0.222,0.123,0.403,0.775,0.453,0.530,0.225
072,0.502,0.228,0.122,0.404,0.776,0.454,0.531,0.226
073,0.491,0.225,0.121,0.404,0.778,0.454,0.531,0.226
074,0.489,0.219,0.119,0.404,0.778,0.454,0.532,0.226
075,0.493,0.221,0.119,0.404,0.777,0.455,0.532,0.226
076,0.496,0.222,0.122,0.405,0.777,0.455,0.532,0.226
077,0.509,0.231,0.120,0.405,0.777,0.455,0.532,0.227
078,0.476,0.218,0.117,0.405,0.775,0.455,0.532,0.227
079,0.493,0.223,0.118,0.404,0.777,0.456,0.532,0.227
080,0.469,0.216,0.113,0.404,0.775,0.455,0.531,0.227
081,0.490,0.222,0.119,0.405,0.777,0.456,0.532,0.227
082,0.482,0.220,0.118,0.405,0.776,0.456,0.532,0.227
083,0.492,0.224,0.118,0.405,0.777,0.456,0.532,0.228
084,0.510,0.227,0.121,0.405,0.778,0.457,0.533,0.228
085,0.488,0.222,0.119,0.405,0.778,0.457,0.533,0.228
086,0.507,0.225,0.120,0.406,0.778,0.458,0.533,0.228
087,0.498,0.224,0.117,0.407,0.778,0.458,0.534,0.228
088,0.488,0.224,0.117,0.407,0.777,0.458,0.534,0.228
089,0.493,0.221,0.117,0.407,0.777,0.458,0.534,0.228
090,0.477,0.215,0.115,0.407,0.776,0.458,0.534,0.228
091,0.498,0.222,0.119,0.407,0.777,0.459,0.534,0.228
092,0.473,0.218,0.114,0.408,0.777,0.459,0.535,0.228
093,0.479,0.219,0.117,0.407,0.779,0.459,0.535,0.229
094,0.491,0.224,0.117,0.407,0.778,0.459,0.535,0.229
095,0.470,0.216,0.113,0.407,0.779,0.459,0.535,0.229
096,0.512,0.229,0.120,0.407,0.779,0.459,0.535,0.229
097,0.489,0.223,0.116,0.407,0.780,0.460,0.535,0.229
098,0.478,0.217,0.115,0.407,0.781,0.460,0.535,0.229
099,0.488,0.218,0.115,0.407,0.781,0.460,0.535,0.229
100,0.490,0.220,0.115,0.407,0.782,0.460,0.535,0.230
101,0.500,0.224,0.116,0.407,0.781,0.460,0.535,0.230
102,0.470,0.216,0.116,0.408,0.781,0.460,0.536,0.230
103,0.485,0.226,0.121,0.407,0.781,0.460,0.535,0.229
104,0.498,0.228,0.118,0.407,0.780,0.460,0.535,0.230
105,0.499,0.229,0.120,0.407,0.781,0.461,0.535,0.230
106,0.492,0.225,0.119,0.408,0.780,0.461,0.536,0.230
107,0.494,0.228,0.119,0.408,0.781,0.461,0.536,0.230
108,0.482,0.226,0.119,0.408,0.782,0.461,0.536,0.230
109,0.478,0.226,0.117,0.408,0.784,0.461,0.536,0.230
110,0.477,0.223,0.116,0.408,0.782,0.461,0.537,0.230
111,0.474,0.224,0.116,0.408,0.782,0.461,0.536,0.230
112,0.465,0.220,0.115,0.408,0.784,0.461,0.536,0.230
113,0.475,0.224,0.116,0.408,0.785,0.461,0.537,0.230
114,0.467,0.222,0.116,0.408,0.784,0.462,0.537,0.230
115,0.511,0.232,0.121,0.409,0.783,0.462,0.537,0.230
116,0.489,0.230,0.117,0.409,0.785,0.462,0.538,0.231
117,0.485,0.228,0.117,0.409,0.783,0.462,0.538,0.231
118,0.477,0.222,0.116,0.409,0.783,0.462,0.538,0.231
119,0.479,0.227,0.114,0.409,0.784,0.463,0.538,0.231
120,0.441,0.213,0.109,0.410,0.783,0.463,0.538,0.231
121,0.464,0.221,0.114,0.410,0.784,0.463,0.538,0.231
122,0.471,0.225,0.115,0.409,0.785,0.463,0.538,0.231
123,0.461,0.221,0.112,0.410,0.784,0.463,0.538,0.231
124,0.486,0.226,0.118,0.409,0.786,0.463,0.538,0.231
125,0.487,0.225,0.115,0.410,0.785,0.463,0.539,0.231
126,0.498,0.231,0.117,0.410,0.787,0.463,0.539,0.231
127,0.488,0.227,0.118,0.410,0.787,0.463,0.539,0.231
128,0.476,0.220,0.113,0.410,0.787,0.463,0.539,0.231
129,0.473,0.227,0.114,0.409,0.787,0.463,0.538,0.231
130,0.482,0.226,0.114,0.410,0.786,0.464,0.539,0.231
131,0.484,0.227,0.115,0.410,0.787,0.464,0.539,0.231
132,0.468,0.222,0.113,0.411,0.786,0.464,0.539,0.231
133,0.472,0.221,0.114,0.410,0.787,0.464,0.539,0.231
134,0.477,0.225,0.113,0.410,0.787,0.464,0.539,0.231
135,0.471,0.226,0.115,0.411,0.786,0.464,0.539,0.231
136,0.495,0.229,0.116,0.410,0.786,0.464,0.539,0.231
137,0.476,0.225,0.113,0.410,0.786,0.464,0.539,0.231
138,0.458,0.218,0.110,0.410,0.785,0.463,0.539,0.231
139,0.489,0.225,0.113,0.411,0.784,0.463,0.539,0.232
140,0.463,0.221,0.111,0.410,0.785,0.463,0.539,0.232
141,0.488,0.229,0.114,0.410,0.787,0.464,0.539,0.232
142,0.493,0.230,0.115,0.409,0.788,0.464,0.539,0.232
143,0.470,0.222,0.111,0.409,0.787,0.463,0.539,0.232
144,0.471,0.222,0.111,0.409,0.787,0.463,0.538,0.232
145,0.483,0.227,0.112,0.409,0.786,0.463,0.538,0.232
146,0.469,0.216,0.110,0.409,0.786,0.463,0.538,0.232
147,0.491,0.230,0.115,0.410,0.785,0.463,0.539,0.232
148,0.467,0.224,0.111,0.410,0.785,0.463,0.538,0.232
149,0.472,0.222,0.110,0.410,0.785,0.463,0.539,0.232
150,0.468,0.226,0.112,0.410,0.786,0.463,0.538,0.232
151,0.471,0.224,0.111,0.409,0.786,0.463,0.538,0.232
152,0.468,0.225,0.110,0.409,0.785,0.463,0.538,0.232
153,0.480,0.225,0.110,0.409,0.785,0.463,0.538,0.232
154,0.495,0.230,0.113,0.409,0.786,0.463,0.538,0.232
155,0.469,0.221,0.110,0.408,0.787,0.463,0.538,0.232
156,0.487,0.228,0.110,0.408,0.787,0.463,0.537,0.232
157,0.485,0.228,0.113,0.409,0.786,0.463,0.538,0.232
158,0.466,0.222,0.110,0.409,0.787,0.463,0.538,0.232
159,0.473,0.227,0.112,0.409,0.786,0.463,0.538,0.232
160,0.474,0.223,0.111,0.409,0.787,0.463,0.538,0.232
161,0.486,0.228,0.111,0.408,0.788,0.463,0.538,0.232
162,0.481,0.225,0.111,0.408,0.788,0.463,0.538,0.232
163,0.470,0.221,0.110,0.408,0.787,0.463,0.538,0.232
164,0.458,0.220,0.107,0.409,0.788,0.463,0.538,0.232
165,0.460,0.220,0.107,0.409,0.789,0.463,0.538,0.232
166,0.469,0.222,0.108,0.409,0.788,0.463,0.539,0.232
167,0.474,0.222,0.108,0.410,0.788,0.464,0.539,0.232
168,0.475,0.226,0.111,0.410,0.788,0.464,0.539,0.232
169,0.498,0.231,0.112,0.410,0.788,0.464,0.539,0.232
170,0.466,0.221,0.110,0.410,0.787,0.464,0.539,0.232
171,0.474,0.221,0.111,0.410,0.788,0.464,0.540,0.233
172,0.479,0.226,0.111,0.411,0.788,0.465,0.540,0.233
173,0.471,0.224,0.110,0.410,0.789,0.465,0.540,0.233
174,0.490,0.230,0.112,0.411,0.789,0.465,0.540,0.233
175,0.456,0.216,0.109,0.411,0.788,0.466,0.540,0.233
176,0.466,0.217,0.108,0.412,0.788,0.466,0.541,0.233
177,0.467,0.223,0.108,0.412,0.789,0.466,0.541,0.234
178,0.484,0.228,0.111,0.412,0.789,0.467,0.541,0.234
179,0.486,0.230,0.111,0.412,0.790,0.467,0.541,0.234
180,0.475,0.221,0.108,0.412,0.790,0.467,0.541,0.234
181,0.477,0.223,0.110,0.412,0.789,0.467,0.541,0.234
182,0.476,0.225,0.110,0.412,0.792,0.468,0.542,0.234
183,0.464,0.224,0.108,0.412,0.790,0.468,0.542,0.235
184,0.476,0.225,0.109,0.412,0.791,0.468,0.542,0.235
185,0.491,0.228,0.112,0.413,0.792,0.469,0.543,0.235
186,0.468,0.220,0.107,0.412,0.793,0.469,0.543,0.235
187,0.458,0.221,0.109,0.412,0.794,0.469,0.543,0.235
188,0.478,0.226,0.110,0.413,0.793,0.470,0.543,0.235
189,0.463,0.219,0.107,0.413,0.793,0.470,0.543,0.236
190,0.452,0.216,0.107,0.414,0.794,0.470,0.544,0.236
191,0.477,0.226,0.110,0.415,0.793,0.471,0.544,0.236
192,0.478,0.221,0.110,0.415,0.794,0.471,0.545,0.236
193,0.470,0.223,0.108,0.415,0.793,0.471,0.545,0.236
194,0.467,0.223,0.109,0.415,0.794,0.472,0.545,0.236
195,0.458,0.217,0.106,0.416,0.795,0.472,0.546,0.237
196,0.458,0.220,0.104,0.416,0.795,0.472,0.546,0.237
197,0.472,0.222,0.107,0.417,0.794,0.472,0.547,0.237
198,0.458,0.217,0.105,0.417,0.793,0.473,0.547,0.237
199,0.473,0.224,0.109,0.417,0.793,0.473,0.547,0.237
200,0.468,0.220,0.109,0.418,0.793,0.473,0.547,0.237
201,0.453,0.216,0.106,0.417,0.796,0.474,0.548,0.237
202,0.484,0.229,0.108,0.418,0.796,0.474,0.548,0.238
203,0.488,0.225,0.111,0.418,0.796,0.474,0.548,0.238
204,0.473,0.222,0.110,0.419,0.795,0.475,0.549,0.238
205,0.462,0.219,0.109,0.420,0.794,0.475,0.549,0.238
206,0.481,0.227,0.110,0.419,0.795,0.475,0.549,0.238
207,0.462,0.222,0.106,0.420,0.794,0.475,0.549,0.239
208,0.488,0.225,0.110,0.419,0.795,0.476,0.549,0.239
209,0.473,0.227,0.108,0.420,0.795,0.476,0.549,0.239
210,0.468,0.221,0.108,0.420,0.795,0.476,0.549,0.239
211,0.468,0.224,0.107,0.420,0.795,0.476,0.549,0.239
212,0.475,0.225,0.109,0.420,0.795,0.476,0.550,0.239
213,0.467,0.222,0.105,0.420,0.796,0.476,0.550,0.239
214,0.460,0.214,0.104,0.421,0.794,0.477,0.550,0.240
215,0.463,0.222,0.108,0.421,0.794,0.477,0.550,0.240
216,0.460,0.220,0.107,0.420,0.796,0.477,0.550,0.240
217,0.477,0.225,0.109,0.421,0.796,0.477,0.550,0.240
218,0.468,0.219,0.108,0.421,0.796,0.478,0.551,0.240
219,0.469,0.221,0.106,0.421,0.795,0.478,0.551,0.240
220,0.464,0.219,0.106,0.421,0.797,0.478,0.551,0.241
221,0.456,0.220,0.105,0.422,0.796,0.479,0.551,0.241
222,0.484,0.226,0.111,0.422,0.796,0.479,0.551,0.241
223,0.464,0.223,0.106,0.422,0.796,0.479,0.552,0.241
224,0.454,0.220,0.106,0.423,0.795,0.479,0.552,0.241
225,0.468,0.223,0.106,0.423,0.795,0.480,0.552,0.241
226,0.453,0.219,0.105,0.423,0.794,0.480,0.552,0.241
227,0.481,0.227,0.109,0.423,0.796,0.480,0.553,0.241
228,0.472,0.219,0.108,0.423,0.796,0.480,0.553,0.242
229,0.458,0.222,0.107,0.423,0.795,0.480,0.553,0.242
230,0.473,0.222,0.107,0.424,0.796,0.481,0.553,0.242
231,0.490,0.225,0.109,0.425,0.795,0.481,0.553,0.242
232,0.463,0.221,0.107,0.425,0.795,0.481,0.554,0.242
233,0.466,0.221,0.107,0.425,0.794,0.482,0.554,0.242
234,0.470,0.225,0.106,0.425,0.796,0.482,0.554,0.243
235,0.452,0.218,0.106,0.426,0.795,0.482,0.555,0.243
236,0.458,0.219,0.105,0.425,0.797,0.482,0.555,0.243
237,0.462,0.223,0.104,0.425,0.797,0.482,0.555,0.243
238,0.473,0.225,0.108,0.425,0.796,0.482,0.555,0.243
239,0.471,0.221,0.108,0.426,0.796,0.483,0.555,0.243
240,0.461,0.220,0.105,0.426,0.798,0.483,0.555,0.243
241,0.449,0.215,0.103,0.426,0.797,0.483,0.555,0.244
242,0.472,0.225,0.109,0.426,0.797,0.483,0.556,0.244
243,0.475,0.224,0.107,0.427,0.797,0.483,0.556,0.244
244,0.448,0.215,0.103,0.427,0.798,0.484,0.556,0.244
245,0.457,0.220,0.107,0.427,0.799,0.484,0.556,0.244
246,0.474,0.225,0.108,0.427,0.799,0.484,0.557,0.244
247,0.462,0.224,0.107,0.428,0.798,0.484,0.557,0.244
248,0.463,0.221,0.106,0.428,0.798,0.485,0.557,0.245
249,0.478,0.222,0.106,0.429,0.798,0.485,0.558,0.245
250,0.473,0.223,0.107,0.429,0.798,0.485,0.558,0.245
251,0.468,0.223,0.107,0.429,0.799,0.485,0.558,0.245
252,0.470,0.222,0.104,0.429,0.799,0.486,0.558,0.245
253,0.469,0.219,0.107,0.429,0.799,0.486,0.558,0.245
254,0.446,0.214,0.105,0.429,0.799,0.486,0.558,0.245
255,0.466,0.222,0.104,0.429,0.799,0.486,0.558,0.245
256,0.449,0.216,0.104,0.429,0.798,0.486,0.558,0.246
257,0.471,0.224,0.107,0.429,0.797,0.486,0.558,0.246
258,0.473,0.225,0.108,0.430,0.797,0.486,0.558,0.246
259,0.459,0.218,0.105,0.430,0.797,0.486,0.558,0.246
260,0.462,0.219,0.106,0.430,0.796,0.486,0.559,0.246
261,0.476,0.223,0.106,0.430,0.798,0.487,0.559,0.246
262,0.462,0.221,0.106,0.430,0.797,0.487,0.559,0.246
263,0.465,0.219,0.105,0.430,0.797,0.487,0.559,0.246
264,0.479,0.226,0.107,0.430,0.796,0.487,0.559,0.246
265,0.469,0.222,0.106,0.430,0.798,0.487,0.559,0.246
266,0.460,0.217,0.103,0.430,0.797,0.487,0.559,0.247
267,0.465,0.219,0.105,0.430,0.797,0.487,0.559,0.247
268,0.471,0.225,0.108,0.431,0.796,0.488,0.559,0.247
269,0.456,0.219,0.104,0.431,0.796,0.488,0.559,0.247
270,0.471,0.221,0.106,0.432,0.796,0.488,0.560,0.247
271,0.472,0.221,0.105,0.431,0.798,0.489,0.560,0.247
272,0.463,0.222,0.104,0.431,0.798,0.489,0.560,0.248
273,0.481,0.227,0.108,0.432,0.799,0.489,0.560,0.248
274,0.475,0.226,0.106,0.432,0.798,0.489,0.560,0.248
275,0.463,0.221,0.105,0.432,0.798,0.489,0.560,0.248
276,0.461,0.219,0.106,0.432,0.797,0.489,0.561,0.248
277,0.460,0.221,0.103,0.432,0.797,0.489,0.561,0.248
278,0.455,0.217,0.104,0.432,0.799,0.489,0.561,0.248
279,0.470,0.222,0.104,0.432,0.798,0.489,0.561,0.248
280,0.463,0.215,0.106,0.432,0.799,0.490,0.561,0.248
281,0.467,0.220,0.105,0.433,0.799,0.490,0.561,0.249
282,0.457,0.218,0.106,0.432,0.801,0.490,0.561,0.249
283,0.479,0.224,0.106,0.433,0.798,0.490,0.561,0.249
284,0.475,0.220,0.107,0.433,0.800,0.491,0.562,0.249
285,0.461,0.220,0.105,0.433,0.800,0.490,0.562,0.249
286,0.475,0.225,0.106,0.433,0.802,0.491,0.562,0.249
287,0.469,0.222,0.107,0.433,0.802,0.491,0.562,0.249
288,0.456,0.219,0.104,0.434,0.801,0.491,0.563,0.249
289,0.470,0.221,0.106,0.434,0.801,0.491,0.563,0.250
290,0.457,0.221,0.104,0.434,0.800,0.492,0.563,0.250
291,0.460,0.218,0.104,0.435,0.799,0.492,0.563,0.250
292,0.464,0.223,0.105,0.435,0.799,0.492,0.563,0.250
293,0.471,0.223,0.106,0.436,0.799,0.492,0.564,0.250
294,0.463,0.220,0.105,0.435,0.800,0.493,0.564,0.251
295,0.456,0.217,0.104,0.436,0.800,0.493,0.564,0.251
296,0.472,0.224,0.104,0.435,0.801,0.493,0.564,0.251
297,0.471,0.224,0.106,0.436,0.800,0.493,0.564,0.251
298,0.463,0.219,0.103,0.436,0.800,0.493,0.564,0.251
299,0.463,0.222,0.104,0.437,0.798,0.494,0.565,0.251
300,0.464,0.220,0.105,0.437,0.800,0.494,0.565,0.251
301,0.459,0.216,0.102,0.437,0.799,0.494,0.565,0.251
302,0.465,0.220,0.106,0.437,0.799,0.494,0.565,0.251
303,0.454,0.215,0.102,0.437,0.798,0.494,0.565,0.252
304,0.465,0.224,0.105,0.437,0.799,0.494,0.565,0.252
305,0.467,0.222,0.106,0.438,0.797,0.494,0.565,0.252
306,0.468,0.225,0.104,0.438,0.797,0.494,0.565,0.252
307,0.467,0.224,0.106,0.438,0.797,0.495,0.565,0.252
308,0.459,0.218,0.102,0.438,0.798,0.495,0.565,0.252
309,0.454,0.216,0.104,0.438,0.798,0.495,0.566,0.252
310,0.452,0.218,0.104,0.439,0.798,0.495,0.566,0.252
311,0.471,0.225,0.107,0.439,0.798,0.495,0.566,0.253
312,0.460,0.220,0.103,0.439,0.798,0.496,0.566,0.253
313,0.462,0.220,0.105,0.439,0.797,0.496,0.566,0.253
314,0.465,0.218,0.104,0.439,0.798,0.496,0.566,0.253
315,0.459,0.222,0.103,0.439,0.798,0.496,0.567,0.253
316,0.457,0.217,0.102,0.439,0.798,0.496,0.567,0.253
317,0.460,0.219,0.104,0.440,0.798,0.496,0.567,0.253
318,0.452,0.214,0.102,0.440,0.799,0.496,0.567,0.253
319,0.464,0.220,0.105,0.440,0.799,0.497,0.567,0.253
320,0.468,0.221,0.105,0.441,0.797,0.497,0.567,0.253
321,0.461,0.219,0.102,0.441,0.797,0.497,0.568,0.253
322,0.477,0.226,0.107,0.440,0.799,0.497,0.568,0.254
323,0.466,0.217,0.103,0.441,0.798,0.497,0.568,0.254
324,0.474,0.225,0.107,0.441,0.798,0.497,0.568,0.254
325,0.452,0.217,0.101,0.441,0.798,0.498,0.568,0.254
326,0.473,0.220,0.105,0.442,0.798,0.498,0.569,0.254
327,0.473,0.220,0.106,0.442,0.797,0.498,0.569,0.254
328,0.465,0.220,0.105,0.442,0.797,0.498,0.569,0.254
329,0.471,0.222,0.108,0.442,0.799,0.498,0.569,0.254
330,0.459,0.213,0.102,0.442,0.799,0.498,0.569,0.254
331,0.453,0.215,0.101,0.442,0.799,0.499,0.569,0.254
332,0.476,0.226,0.107,0.443,0.798,0.499,0.569,0.255
333,0.451,0.214,0.102,0.443,0.798,0.499,0.570,0.255
334,0.472,0.225,0.106,0.443,0.798,0.499,0.570,0.255
335,0.455,0.213,0.103,0.443,0.799,0.499,0.570,0.255
336,0.489,0.228,0.105,0.443,0.799,0.499,0.570,0.255
337,0.475,0.227,0.106,0.443,0.798,0.499,0.570,0.255
338,0.464,0.215,0.103,0.444,0.798,0.500,0.571,0.255
339,0.462,0.220,0.104,0.444,0.798,0.500,0.570,0.255
340,0.444,0.214,0.102,0.444,0.798,0.500,0.570,0.255
341,0.470,0.221,0.104,0.444,0.799,0.500,0.571,0.255
342,0.464,0.218,0.104,0.444,0.799,0.500,0.571,0.255
343,0.470,0.223,0.105,0.445,0.796,0.500,0.571,0.256
344,0.458,0.218,0.105,0.444,0.798,0.501,0.571,0.256
345,0.464,0.219,0.102,0.445,0.797,0.501,0.571,0.256
346,0.468,0.223,0.107,0.445,0.797,0.501,0.571,0.256
347,0.463,0.217,0.102,0.445,0.797,0.501,0.571,0.256
348,0.450,0.214,0.103,0.446,0.796,0.501,0.571,0.256
349,0.454,0.216,0.102,0.447,0.795,0.502,0.572,0.256
350,0.460,0.219,0.103,0.446,0.796,0.502,0.572,0.256
351,0.460,0.220,0.102,0.447,0.797,0.502,0.572,0.256
352,0.451,0.217,0.102,0.447,0.796,0.502,0.572,0.256
353,0.458,0.217,0.101,0.447,0.795,0.502,0.572,0.256
354,0.462,0.216,0.103,0.447,0.794,0.502,0.572,0.256
355,0.454,0.219,0.102,0.448,0.794,0.503,0.573,0.257
356,0.452,0.218,0.102,0.447,0.796,0.503,0.573,0.257
357,0.472,0.226,0.105,0.448,0.796,0.503,0.573,0.257
358,0.459,0.219,0.104,0.448,0.795,0.503,0.573,0.257
359,0.475,0.226,0.106,0.447,0.796,0.503,0.573,0.257
360,0.474,0.221,0.105,0.448,0.795,0.503,0.573,0.257
361,0.457,0.219,0.103,0.448,0.794,0.503,0.573,0.257
362,0.462,0.218,0.104,0.448,0.794,0.503,0.573,0.257
363,0.465,0.219,0.103,0.448,0.796,0.504,0.573,0.257
364,0.459,0.218,0.104,0.448,0.796,0.504,0.573,0.257
365,0.467,0.220,0.103,0.449,0.795,0.504,0.574,0.257
366,0.456,0.217,0.102,0.449,0.795,0.504,0.574,0.257
367,0.452,0.214,0.103,0.449,0.795,0.504,0.574,0.257
368,0.451,0.214,0.101,0.449,0.795,0.504,0.574,0.257
369,0.458,0.215,0.102,0.448,0.796,0.504,0.573,0.257
370,0.469,0.222,0.105,0.448,0.796,0.504,0.573,0.257
371,0.456,0.221,0.105,0.449,0.795,0.504,0.574,0.257
372,0.479,0.224,0.104,0.449,0.795,0.504,0.574,0.257
373,0.480,0.226,0.105,0.449,0.794,0.504,0.574,0.257
374,0.473,0.223,0.103,0.449,0.796,0.504,0.574,0.257
375,0.452,0.215,0.101,0.449,0.796,0.504,0.574,0.257
376,0.443,0.214,0.101,0.449,0.796,0.504,0.574,0.257
377,0.458,0.220,0.103,0.449,0.795,0.504,0.574,0.257
378,0.462,0.217,0.102,0.450,0.795,0.505,0.574,0.257
379,0.459,0.217,0.103,0.450,0.795,0.505,0.575,0.258
380,0.472,0.217,0.103,0.450,0.795,0.505,0.575,0.258
381,0.447,0.214,0.101,0.450,0.796,0.505,0.575,0.258
382,0.462,0.218,0.103,0.450,0.796,0.505,0.575,0.258
383,0.464,0.221,0.103,0.450,0.796,0.505,0.575,0.258
384,0.466,0.224,0.104,0.451,0.796,0.505,0.575,0.258
385,0.469,0.220,0.104,0.451,0.797,0.505,0.576,0.258
386,0.451,0.216,0.101,0.450,0.798,0.506,0.576,0.258
387,0.443,0.213,0.099,0.451,0.799,0.506,0.576,0.258
388,0.456,0.217,0.101,0.451,0.796,0.506,0.576,0.258
389,0.465,0.219,0.103,0.451,0.797,0.506,0.576,0.258
390,0.453,0.217,0.101,0.451,0.796,0.506,0.576,0.258
391,0.451,0.216,0.102,0.451,0.796,0.506,0.576,0.258
392,0.456,0.219,0.103,0.451,0.796,0.506,0.576,0.258
393,0.458,0.218,0.102,0.451,0.796,0.506,0.576,0.258
394,0.466,0.220,0.104,0.452,0.795,0.506,0.576,0.258
395,0.466,0.224,0.107,0.451,0.795,0.506,0.576,0.258
396,0.458,0.222,0.104,0.452,0.795,0.507,0.576,0.258
397,0.458,0.218,0.102,0.452,0.794,0.506,0.576,0.258
398,0.448,0.214,0.101,0.452,0.793,0.506,0.576,0.258
399,0.458,0.214,0.103,0.452,0.794,0.506,0.576,0.258
400,0.447,0.216,0.100,0.452,0.794,0.507,0.576,0.258
401,0.460,0.217,0.102,0.452,0.793,0.507,0.576,0.258
402,0.462,0.218,0.102,0.452,0.795,0.507,0.576,0.258
403,0.454,0.217,0.101,0.452,0.794,0.507,0.576,0.258
404,0.471,0.223,0.104,0.452,0.794,0.507,0.576,0.258
405,0.472,0.222,0.102,0.452,0.794,0.507,0.576,0.258
406,0.460,0.220,0.102,0.452,0.794,0.507,0.576,0.259
407,0.459,0.214,0.102,0.453,0.794,0.507,0.576,0.259
408,0.462,0.221,0.104,0.453,0.793,0.507,0.576,0.259
409,0.448,0.218,0.098,0.452,0.795,0.507,0.576,0.259
410,0.449,0.218,0.101,0.452,0.795,0.507,0.577,0.259
411,0.459,0.219,0.102,0.452,0.795,0.507,0.576,0.259
412,0.459,0.216,0.102,0.452,0.795,0.507,0.577,0.259
413,0.454,0.216,0.102,0.452,0.795,0.507,0.577,0.259
414,0.450,0.218,0.101,0.452,0.795,0.507,0.577,0.259
415,0.459,0.216,0.101,0.453,0.795,0.508,0.577,0.259
416,0.469,0.221,0.104,0.453,0.794,0.508,0.577,0.259
417,0.459,0.218,0.102,0.453,0.794,0.508,0.577,0.259
418,0.460,0.220,0.102,0.453,0.794,0.508,0.577,0.259
419,0.463,0.220,0.103,0.452,0.795,0.508,0.577,0.259
420,0.463,0.219,0.103,0.453,0.795,0.508,0.577,0.259
421,0.458,0.218,0.101,0.453,0.794,0.508,0.577,0.259
422,0.460,0.219,0.101,0.453,0.794,0.508,0.577,0.259
423,0.455,0.215,0.101,0.453,0.794,0.509,0.577,0.259
424,0.452,0.216,0.100,0.453,0.795,0.509,0.577,0.259
425,0.453,0.217,0.102,0.453,0.796,0.509,0.577,0.259
426,0.465,0.220,0.101,0.453,0.795,0.509,0.577,0.259
427,0.474,0.221,0.104,0.453,0.795,0.509,0.577,0.259
428,0.468,0.219,0.102,0.453,0.794,0.509,0.577,0.259
429,0.460,0.217,0.102,0.453,0.794,0.509,0.577,0.259
430,0.449,0.214,0.100,0.453,0.794,0.509,0.577,0.259
431,0.441,0.215,0.098,0.453,0.794,0.509,0.577,0.259
432,0.462,0.217,0.102,0.453,0.794,0.509,0.577,0.259
433,0.459,0.216,0.100,0.453,0.794,0.509,0.577,0.259
434,0.468,0.220,0.102,0.453,0.794,0.509,0.577,0.260
435,0.456,0.217,0.100,0.454,0.794,0.509,0.577,0.260
436,0.455,0.214,0.100,0.454,0.793,0.509,0.577,0.260
437,0.451,0.216,0.100,0.453,0.795,0.509,0.577,0.260
438,0.461,0.220,0.101,0.453,0.795,0.509,0.577,0.260
439,0.457,0.220,0.104,0.453,0.795,0.509,0.577,0.260
440,0.465,0.218,0.103,0.454,0.794,0.509,0.578,0.260
441,0.458,0.216,0.100,0.453,0.795,0.509,0.577,0.260
442,0.459,0.219,0.101,0.454,0.795,0.509,0.578,0.260
443,0.448,0.215,0.098,0.454,0.794,0.509,0.578,0.260
444,0.449,0.217,0.100,0.454,0.794,0.509,0.578,0.260
445,0.464,0.220,0.104,0.453,0.795,0.509,0.577,0.260
446,0.459,0.221,0.101,0.453,0.795,0.509,0.577,0.260
447,0.463,0.216,0.103,0.454,0.794,0.509,0.578,0.260
448,0.465,0.224,0.101,0.453,0.796,0.509,0.578,0.260
449,0.467,0.220,0.101,0.453,0.795,0.510,0.577,0.260
450,0.462,0.222,0.101,0.453,0.795,0.510,0.577,0.260
451,0.460,0.218,0.100,0.453,0.796,0.510,0.577,0.260
452,0.466,0.222,0.101,0.453,0.796,0.510,0.577,0.260
453,0.482,0.225,0.104,0.453,0.797,0.510,0.577,0.260
454,0.469,0.223,0.102,0.453,0.797,0.510,0.577,0.260
455,0.468,0.222,0.103,0.453,0.797,0.510,0.578,0.261
456,0.464,0.219,0.102,0.453,0.799,0.510,0.578,0.261
457,0.452,0.216,0.099,0.453,0.798,0.510,0.578,0.261
458,0.468,0.224,0.103,0.453,0.798,0.510,0.578,0.261
459,0.453,0.218,0.100,0.453,0.797,0.510,0.578,0.261
460,0.455,0.215,0.102,0.453,0.797,0.510,0.578,0.261
461,0.445,0.212,0.099,0.453,0.797,0.510,0.578,0.261
462,0.466,0.223,0.102,0.453,0.797,0.510,0.578,0.261
463,0.471,0.223,0.103,0.453,0.797,0.510,0.578,0.261
464,0.473,0.222,0.104,0.454,0.796,0.510,0.578,0.261
465,0.440,0.213,0.099,0.453,0.798,0.510,0.578,0.261
466,0.462,0.218,0.101,0.454,0.796,0.511,0.578,0.261
467,0.470,0.222,0.100,0.454,0.796,0.511,0.578,0.261
468,0.445,0.214,0.100,0.454,0.796,0.511,0.578,0.261
469,0.450,0.216,0.100,0.454,0.797,0.511,0.578,0.261
470,0.472,0.219,0.102,0.454,0.797,0.511,0.579,0.261
471,0.458,0.217,0.101,0.454,0.797,0.511,0.579,0.261
472,0.464,0.221,0.101,0.454,0.797,0.511,0.579,0.261
473,0.451,0.216,0.100,0.455,0.795,0.511,0.579,0.261
474,0.469,0.218,0.102,0.454,0.797,0.511,0.579,0.261
475,0.462,0.221,0.103,0.455,0.797,0.511,0.579,0.261
476,0.460,0.218,0.103,0.455,0.797,0.512,0.579,0.261
477,0.474,0.225,0.103,0.455,0.797,0.512,0.580,0.261
478,0.443,0.215,0.099,0.455,0.797,0.512,0.580,0.261
479,0.450,0.216,0.101,0.456,0.797,0.512,0.580,0.261
480,0.447,0.215,0.099,0.456,0.797,0.512,0.580,0.261
481,0.447,0.215,0.098,0.456,0.797,0.512,0.580,0.261
482,0.467,0.220,0.102,0.456,0.797,0.512,0.580,0.261
483,0.471,0.222,0.103,0.455,0.799,0.512,0.580,0.261
484,0.464,0.219,0.101,0.455,0.798,0.511,0.580,0.261
485,0.460,0.217,0.101,0.455,0.799,0.512,0.580,0.261
486,0.437,0.213,0.099,0.455,0.798,0.512,0.580,0.262
487,0.464,0.220,0.101,0.455,0.800,0.512,0.580,0.262
488,0.458,0.217,0.101,0.456,0.798,0.512,0.580,0.262
489,0.447,0.213,0.099,0.456,0.799,0.512,0.580,0.262
490,0.436,0.209,0.098,0.456,0.799,0.512,0.580,0.262
491,0.456,0.219,0.101,0.456,0.799,0.512,0.580,0.262
492,0.455,0.220,0.104,0.455,0.799,0.512,0.580,0.262
493,0.442,0.215,0.098,0.455,0.800,0.512,0.580,0.262
494,0.464,0.218,0.099,0.455,0.800,0.512,0.580,0.262
495,0.456,0.215,0.103,0.455,0.801,0.512,0.580,0.262
496,0.460,0.221,0.101,0.455,0.800,0.512,0.580,0.262
497,0.453,0.216,0.100,0.455,0.800,0.513,0.581,0.262
498,0.445,0.212,0.097,0.456,0.800,0.513,0.580,0.262
499,0.453,0.217,0.101,0.455,0.802,0.513,0.580,0.262
500,0.457,0.215,0.099,0.456,0.800,0.513,0.581,0.262
501,0.463,0.221,0.101,0.455,0.803,0.513,0.581,0.262
502,0.454,0.217,0.101,0.455,0.802,0.513,0.581,0.262
503,0.463,0.219,0.101,0.455,0.803,0.513,0.581,0.262
504,0.462,0.218,0.101,0.455,0.803,0.513,0.581,0.262
505,0.458,0.215,0.099,0.455,0.803,0.513,0.581,0.262
506,0.454,0.215,0.098,0.455,0.802,0.513,0.581,0.262
507,0.454,0.220,0.101,0.455,0.804,0.513,0.581,0.262
508,0.454,0.219,0.101,0.455,0.804,0.513,0.581,0.262
509,0.441,0.216,0.099,0.455,0.804,0.513,0.581,0.262
510,0.454,0.217,0.101,0.456,0.802,0.513,0.581,0.262
511,0.453,0.215,0.100,0.456,0.801,0.513,0.581,0.262
512,0.477,0.223,0.102,0.456,0.801,0.513,0.581,0.262
513,0.450,0.216,0.100,0.456,0.803,0.513,0.581,0.262
514,0.463,0.217,0.100,0.456,0.802,0.513,0.581,0.262
515,0.467,0.217,0.100,0.456,0.802,0.513,0.581,0.262
516,0.467,0.223,0.103,0.456,0.802,0.513,0.581,0.262
517,0.455,0.222,0.101,0.456,0.802,0.513,0.582,0.262
518,0.456,0.217,0.100,0.456,0.802,0.513,0.582,0.262
519,0.453,0.220,0.101,0.457,0.802,0.513,0.582,0.262
520,0.470,0.222,0.103,0.456,0.803,0.513,0.582,0.262
521,0.459,0.223,0.102,0.457,0.802,0.513,0.582,0.262
522,0.443,0.213,0.098,0.457,0.801,0.513,0.582,0.262
523,0.449,0.213,0.101,0.457,0.802,0.513,0.582,0.262
524,0.472,0.221,0.103,0.457,0.802,0.513,0.582,0.262
525,0.458,0.219,0.100,0.457,0.801,0.513,0.582,0.262
526,0.478,0.224,0.102,0.457,0.801,0.513,0.582,0.262
527,0.462,0.221,0.102,0.457,0.802,0.513,0.582,0.262
528,0.443,0.213,0.098,0.457,0.802,0.513,0.582,0.262
529,0.450,0.218,0.098,0.457,0.801,0.513,0.582,0.262
530,0.461,0.218,0.100,0.456,0.802,0.513,0.582,0.262
531,0.467,0.220,0.101,0.456,0.802,0.513,0.582,0.262
532,0.475,0.222,0.101,0.456,0.802,0.513,0.582,0.262
533,0.447,0.213,0.099,0.457,0.800,0.513,0.582,0.262
534,0.451,0.217,0.098,0.456,0.801,0.513,0.581,0.262
535,0.448,0.211,0.098,0.456,0.801,0.514,0.582,0.262
536,0.450,0.213,0.102,0.456,0.802,0.514,0.582,0.262
537,0.450,0.215,0.099,0.457,0.800,0.514,0.582,0.262
538,0.456,0.220,0.099,0.457,0.800,0.514,0.582,0.262
539,0.471,0.222,0.102,0.457,0.802,0.514,0.582,0.262
540,0.452,0.215,0.099,0.458,0.800,0.514,0.582,0.262
541,0.447,0.215,0.100,0.457,0.802,0.514,0.582,0.262
542,0.452,0.215,0.099,0.457,0.802,0.514,0.582,0.262
543,0.457,0.219,0.100,0.457,0.801,0.514,0.582,0.262
544,0.459,0.218,0.101,0.457,0.802,0.514,0.582,0.262
545,0.459,0.217,0.101,0.458,0.800,0.514,0.583,0.263
546,0.464,0.218,0.100,0.458,0.802,0.514,0.583,0.263
547,0.440,0.213,0.100,0.458,0.802,0.514,0.583,0.263
548,0.463,0.217,0.103,0.458,0.802,0.514,0.583,0.263
549,0.449,0.216,0.100,0.458,0.802,0.514,0.583,0.263
550,0.451,0.214,0.100,0.458,0.802,0.514,0.583,0.263
551,0.459,0.216,0.101,0.458,0.802,0.514,0.583,0.263
552,0.464,0.223,0.100,0.458,0.799,0.514,0.582,0.263
553,0.443,0.212,0.100,0.458,0.801,0.514,0.583,0.263
554,0.459,0.216,0.097,0.458,0.801,0.514,0.583,0.263
555,0.465,0.220,0.100,0.458,0.801,0.514,0.583,0.263
556,0.440,0.209,0.098,0.458,0.802,0.515,0.583,0.263
557,0.466,0.220,0.102,0.458,0.801,0.515,0.583,0.263
558,0.465,0.219,0.101,0.458,0.802,0.515,0.583,0.263
559,0.441,0.212,0.099,0.458,0.802,0.515,0.583,0.263
560,0.460,0.220,0.100,0.458,0.802,0.515,0.583,0.263
561,0.460,0.220,0.101,0.458,0.803,0.515,0.583,0.263
562,0.451,0.217,0.100,0.458,0.802,0.514,0.583,0.263
563,0.458,0.216,0.100,0.458,0.802,0.514,0.583,0.263
564,0.448,0.217,0.099,0.457,0.804,0.514,0.583,0.263
565,0.465,0.220,0.099,0.457,0.804,0.514,0.583,0.263
566,0.448,0.215,0.098,0.457,0.804,0.514,0.583,0.263
567,0.451,0.217,0.099,0.457,0.804,0.514,0.583,0.263
568,0.464,0.222,0.101,0.457,0.804,0.514,0.583,0.263
569,0.449,0.216,0.099,0.458,0.804,0.514,0.583,0.263
570,0.464,0.217,0.101,0.458,0.802,0.514,0.583,0.263
571,0.450,0.215,0.098,0.458,0.802,0.514,0.583,0.263
572,0.454,0.215,0.099,0.459,0.801,0.514,0.583,0.263
573,0.463,0.224,0.102,0.458,0.804,0.515,0.583,0.263
574,0.458,0.220,0.099,0.458,0.804,0.515,0.584,0.263
575,0.470,0.221,0.100,0.458,0.804,0.514,0.584,0.263
576,0.449,0.214,0.097,0.458,0.804,0.515,0.584,0.263
577,0.459,0.219,0.100,0.458,0.803,0.514,0.583,0.263
578,0.459,0.218,0.101,0.458,0.803,0.514,0.583,0.263
579,0.465,0.221,0.101,0.458,0.803,0.515,0.584,0.263
580,0.472,0.223,0.101,0.458,0.803,0.515,0.583,0.263
581,0.471,0.223,0.101,0.458,0.803,0.515,0.583,0.263
582,0.465,0.218,0.101,0.458,0.802,0.515,0.583,0.263
583,0.458,0.218,0.099,0.458,0.802,0.515,0.583,0.263
584,0.468,0.225,0.101,0.458,0.801,0.515,0.583,0.263
585,0.464,0.222,0.100,0.458,0.801,0.515,0.583,0.263
586,0.455,0.214,0.101,0.458,0.801,0.515,0.583,0.263
587,0.437,0.210,0.096,0.458,0.800,0.515,0.583,0.263
588,0.459,0.221,0.101,0.458,0.801,0.515,0.583,0.263
589,0.449,0.219,0.099,0.458,0.801,0.515,0.583,0.263
590,0.453,0.213,0.101,0.459,0.800,0.515,0.583,0.263
591,0.457,0.220,0.101,0.458,0.801,0.515,0.583,0.263
592,0.454,0.216,0.099,0.459,0.800,0.515,0.583,0.263
593,0.451,0.215,0.098,0.459,0.799,0.515,0.583,0.263
594,0.444,0.215,0.099,0.459,0.799,0.515,0.583,0.263
595,0.458,0.216,0.099,0.460,0.799,0.515,0.583,0.263
596,0.455,0.214,0.098,0.460,0.798,0.515,0.583,0.263
597,0.450,0.214,0.098,0.459,0.798,0.516,0.583,0.263
598,0.452,0.216,0.099,0.459,0.799,0.516,0.583,0.263
599,0.451,0.214,0.098,0.459,0.799,0.516,0.583,0.263
600,0.450,0.213,0.099,0.459,0.800,0.516,0.584,0.263
601,0.461,0.217,0.099,0.460,0.799,0.516,0.584,0.263
602,0.465,0.223,0.103,0.460,0.799,0.516,0.584,0.263
603,0.438,0.211,0.098,0.460,0.799,0.516,0.584,0.263
604,0.461,0.218,0.099,0.459,0.801,0.516,0.584,0.263
605,0.459,0.219,0.099,0.459,0.801,0.516,0.584,0.263
606,0.454,0.216,0.099,0.459,0.801,0.516,0.584,0.263
607,0.452,0.215,0.099,0.459,0.801,0.516,0.584,0.263
608,0.464,0.219,0.101,0.459,0.802,0.516,0.584,0.263
609,0.451,0.217,0.097,0.460,0.801,0.516,0.584,0.263
610,0.458,0.216,0.099,0.460,0.801,0.516,0.584,0.263
611,0.440,0.212,0.097,0.460,0.801,0.516,0.584,0.263
612,0.455,0.218,0.101,0.460,0.801,0.516,0.584,0.263
613,0.458,0.220,0.100,0.459,0.803,0.516,0.584,0.263
614,0.457,0.216,0.099,0.459,0.803,0.516,0.584,0.263
615,0.454,0.217,0.100,0.459,0.803,0.516,0.584,0.263
616,0.448,0.214,0.099,0.460,0.803,0.516,0.585,0.263
617,0.465,0.217,0.099,0.460,0.802,0.516,0.585,0.263
618,0.457,0.220,0.099,0.460,0.802,0.516,0.585,0.263
619,0.454,0.216,0.101,0.460,0.802,0.516,0.585,0.263
620,0.462,0.219,0.101,0.460,0.802,0.516,0.585,0.263
621,0.445,0.212,0.096,0.460,0.802,0.516,0.585,0.263
622,0.448,0.213,0.098,0.460,0.802,0.516,0.585,0.263
623,0.445,0.212,0.097,0.460,0.803,0.516,0.585,0.264
624,0.453,0.213,0.098,0.460,0.802,0.516,0.585,0.264
625,0.457,0.217,0.098,0.460,0.802,0.516,0.585,0.264
626,0.445,0.209,0.097,0.460,0.803,0.517,0.585,0.264
627,0.450,0.219,0.099,0.460,0.802,0.517,0.585,0.264
628,0.443,0.210,0.099,0.460,0.802,0.517,0.585,0.264
629,0.454,0.220,0.099,0.460,0.802,0.517,0.585,0.264
630,0.471,0.221,0.101,0.460,0.802,0.517,0.584,0.264
631,0.458,0.215,0.098,0.460,0.802,0.517,0.585,0.264
632,0.447,0.214,0.098,0.460,0.802,0.517,0.585,0.264
633,0.452,0.216,0.099,0.460,0.802,0.517,0.585,0.264
634,0.457,0.216,0.099,0.460,0.803,0.517,0.585,0.264
635,0.450,0.212,0.097,0.460,0.803,0.517,0.585,0.264
636,0.458,0.219,0.100,0.460,0.803,0.517,0.585,0.264
637,0.449,0.214,0.098,0.460,0.803,0.517,0.585,0.264
638,0.457,0.218,0.099,0.460,0.803,0.517,0.585,0.264
639,0.437,0.214,0.096,0.460,0.803,0.517,0.585,0.264
640,0.451,0.217,0.096,0.460,0.803,0.517,0.585,0.264
641,0.452,0.218,0.096,0.461,0.802,0.517,0.585,0.264
642,0.451,0.216,0.099,0.461,0.802,0.517,0.585,0.264
643,0.449,0.217,0.096,0.460,0.803,0.517,0.585,0.264
644,0.449,0.214,0.098,0.461,0.803,0.517,0.585,0.264
645,0.461,0.218,0.099,0.461,0.802,0.517,0.585,0.264
646,0.439,0.212,0.096,0.461,0.802,0.517,0.585,0.264
647,0.456,0.218,0.099,0.461,0.802,0.518,0.585,0.264
648,0.453,0.217,0.098,0.461,0.802,0.518,0.585,0.264
649,0.444,0.211,0.099,0.461,0.802,0.518,0.585,0.264
650,0.479,0.223,0.103,0.461,0.802,0.518,0.585,0.264
651,0.453,0.218,0.098,0.461,0.802,0.518,0.585,0.264
652,0.460,0.218,0.098,0.461,0.802,0.518,0.585,0.264
653,0.460,0.220,0.098,0.461,0.802,0.518,0.585,0.264
654,0.437,0.209,0.095,0.461,0.802,0.518,0.585,0.264
655,0.453,0.214,0.097,0.461,0.801,0.518,0.585,0.264
656,0.460,0.217,0.099,0.461,0.801,0.518,0.585,0.264
657,0.455,0.217,0.101,0.461,0.801,0.518,0.585,0.264
658,0.452,0.214,0.097,0.461,0.801,0.518,0.585,0.264
659,0.469,0.222,0.102,0.460,0.801,0.518,0.585,0.264
660,0.453,0.219,0.097,0.461,0.801,0.518,0.585,0.264
661,0.454,0.221,0.100,0.461,0.801,0.518,0.585,0.264
662,0.453,0.216,0.098,0.460,0.802,0.518,0.585,0.264
663,0.444,0.214,0.099,0.461,0.801,0.518,0.585,0.265
664,0.459,0.214,0.099,0.461,0.801,0.518,0.585,0.265
665,0.467,0.219,0.100,0.461,0.801,0.518,0.585,0.265
666,0.455,0.220,0.097,0.461,0.800,0.518,0.585,0.265
667,0.450,0.216,0.096,0.461,0.801,0.518,0.585,0.265
668,0.448,0.213,0.097,0.461,0.801,0.518,0.585,0.265
669,0.458,0.218,0.100,0.461,0.801,0.518,0.585,0.265
670,0.456,0.217,0.097,0.461,0.800,0.518,0.585,0.265
671,0.457,0.216,0.099,0.461,0.800,0.518,0.585,0.265
672,0.439,0.210,0.098,0.461,0.802,0.518,0.585,0.265
673,0.464,0.219,0.101,0.461,0.801,0.518,0.585,0.265
674,0.458,0.218,0.101,0.461,0.801,0.518,0.585,0.265
675,0.445,0.213,0.097,0.461,0.801,0.518,0.585,0.265
676,0.443,0.211,0.096,0.461,0.802,0.518,0.585,0.265
677,0.459,0.217,0.099,0.461,0.801,0.518,0.585,0.265
678,0.452,0.217,0.099,0.461,0.801,0.518,0.585,0.265
679,0.447,0.214,0.097,0.461,0.801,0.518,0.585,0.265
680,0.455,0.219,0.099,0.461,0.800,0.518,0.585,0.265
681,0.473,0.224,0.102,0.460,0.801,0.518,0.585,0.265
682,0.457,0.221,0.100,0.460,0.801,0.518,0.585,0.265
683,0.452,0.213,0.097,0.459,0.802,0.518,0.584,0.265
684,0.454,0.217,0.099,0.459,0.803,0.518,0.584,0.265
685,0.460,0.219,0.099,0.460,0.803,0.518,0.585,0.265
686,0.454,0.217,0.097,0.460,0.804,0.518,0.585,0.265
687,0.466,0.219,0.100,0.460,0.804,0.518,0.585,0.265
688,0.461,0.219,0.097,0.460,0.804,0.518,0.585,0.265
689,0.465,0.217,0.100,0.460,0.804,0.518,0.585,0.265
690,0.473,0.219,0.100,0.460,0.802,0.518,0.585,0.265
691,0.445,0.212,0.097,0.460,0.804,0.519,0.585,0.265
692,0.454,0.213,0.097,0.460,0.804,0.519,0.585,0.265
693,0.449,0.213,0.097,0.461,0.802,0.519,0.585,0.265
694,0.447,0.213,0.098,0.460,0.802,0.518,0.585,0.265
695,0.447,0.215,0.098,0.460,0.804,0.518,0.585,0.265
696,0.466,0.221,0.099,0.460,0.804,0.518,0.585,0.265
697,0.450,0.215,0.099,0.460,0.802,0.519,0.585,0.265
698,0.456,0.216,0.098,0.460,0.802,0.519,0.585,0.265
699,0.468,0.218,0.100,0.460,0.804,0.518,0.585,0.265
700,0.456,0.216,0.100,0.460,0.804,0.518,0.585,0.265
701,0.447,0.211,0.097,0.460,0.804,0.519,0.585,0.265
702,0.456,0.216,0.099,0.461,0.802,0.519,0.585,0.265
703,0.455,0.215,0.099,0.461,0.803,0.519,0.585,0.265
704,0.466,0.220,0.101,0.460,0.805,0.519,0.585,0.265
705,0.457,0.212,0.097,0.461,0.803,0.519,0.585,0.265
706,0.456,0.219,0.099,0.461,0.803,0.519,0.585,0.265
707,0.465,0.218,0.099,0.461,0.803,0.519,0.585,0.265
708,0.455,0.217,0.099,0.460,0.804,0.519,0.585,0.265
709,0.448,0.213,0.099,0.460,0.804,0.519,0.585,0.265
710,0.442,0.210,0.096,0.461,0.802,0.519,0.585,0.265
711,0.462,0.217,0.099,0.461,0.802,0.519,0.585,0.265
712,0.450,0.215,0.098,0.460,0.804,0.519,0.585,0.265
713,0.433,0.208,0.096,0.460,0.804,0.519,0.585,0.265
714,0.458,0.220,0.099,0.461,0.803,0.519,0.586,0.265
715,0.461,0.216,0.099,0.461,0.803,0.519,0.586,0.265
716,0.453,0.217,0.099,0.461,0.803,0.519,0.585,0.265
717,0.449,0.216,0.098,0.461,0.803,0.519,0.585,0.265
718,0.456,0.221,0.100,0.460,0.805,0.519,0.586,0.265
719,0.451,0.213,0.096,0.461,0.803,0.519,0.586,0.265
720,0.450,0.214,0.097,0.461,0.803,0.519,0.585,0.265
721,0.447,0.213,0.098,0.461,0.803,0.519,0.586,0.265
722,0.440,0.211,0.098,0.460,0.806,0.519,0.586,0.265
723,0.446,0.217,0.099,0.460,0.805,0.519,0.586,0.265
724,0.471,0.221,0.098,0.460,0.806,0.519,0.586,0.265
725,0.445,0.214,0.096,0.460,0.806,0.519,0.586,0.265
726,0.471,0.219,0.100,0.460,0.806,0.519,0.586,0.265
727,0.454,0.216,0.100,0.461,0.805,0.519,0.586,0.265
728,0.458,0.216,0.098,0.461,0.805,0.519,0.586,0.265
729,0.448,0.214,0.098,0.461,0.805,0.519,0.586,0.266
730,0.458,0.222,0.099,0.461,0.805,0.520,0.586,0.266
731,0.460,0.219,0.098,0.461,0.806,0.520,0.586,0.265
732,0.455,0.216,0.097,0.461,0.805,0.519,0.586,0.265
733,0.447,0.215,0.098,0.461,0.805,0.519,0.586,0.266
734,0.452,0.214,0.098,0.461,0.805,0.519,0.586,0.266
735,0.452,0.215,0.097,0.460,0.805,0.519,0.586,0.266
736,0.463,0.218,0.098,0.461,0.805,0.519,0.586,0.266
737,0.455,0.213,0.098,0.461,0.805,0.519,0.586,0.266
738,0.449,0.212,0.095,0.460,0.807,0.519,0.586,0.266
739,0.456,0.216,0.097,0.460,0.806,0.519,0.586,0.266
740,0.457,0.215,0.098,0.460,0.805,0.519,0.586,0.266
741,0.446,0.215,0.099,0.460,0.806,0.519,0.586,0.266
742,0.450,0.214,0.097,0.460,0.806,0.519,0.586,0.266
743,0.455,0.213,0.098,0.460,0.806,0.519,0.586,0.266
744,0.440,0.211,0.098,0.461,0.807,0.520,0.586,0.266
745,0.438,0.210,0.095,0.461,0.807,0.520,0.586,0.266
746,0.442,0.212,0.097,0.460,0.806,0.520,0.586,0.266
747,0.451,0.216,0.096,0.460,0.806,0.520,0.586,0.266
748,0.457,0.212,0.096,0.460,0.808,0.520,0.586,0.266
749,0.458,0.221,0.097,0.460,0.808,0.520,0.586,0.266
750,0.469,0.222,0.098,0.460,0.807,0.519,0.586,0.266
751,0.446,0.215,0.098,0.460,0.808,0.520,0.586,0.266
752,0.455,0.218,0.097,0.460,0.807,0.520,0.586,0.266
753,0.454,0.217,0.098,0.460,0.808,0.520,0.586,0.266
754,0.460,0.216,0.097,0.460,0.808,0.520,0.586,0.266
755,0.454,0.218,0.098,0.460,0.808,0.520,0.586,0.266
756,0.421,0.205,0.093,0.460,0.807,0.520,0.586,0.266
757,0.454,0.214,0.098,0.460,0.807,0.520,0.586,0.266
758,0.460,0.218,0.098,0.460,0.808,0.520,0.586,0.266
759,0.440,0.210,0.096,0.460,0.808,0.520,0.586,0.266
760,0.453,0.214,0.097,0.461,0.806,0.520,0.586,0.266
761,0.450,0.214,0.095,0.460,0.806,0.520,0.586,0.266
762,0.449,0.214,0.096,0.460,0.806,0.520,0.586,0.266
763,0.440,0.215,0.096,0.460,0.806,0.520,0.586,0.266
764,0.455,0.214,0.097,0.460,0.806,0.520,0.586,0.266
765,0.455,0.219,0.097,0.461,0.806,0.520,0.586,0.266
766,0.453,0.215,0.098,0.460,0.806,0.520,0.586,0.266
767,0.444,0.209,0.096,0.460,0.808,0.520,0.586,0.266
768,0.458,0.217,0.099,0.460,0.808,0.520,0.586,0.266
769,0.451,0.216,0.098,0.460,0.807,0.520,0.586,0.266
770,0.460,0.218,0.098,0.460,0.807,0.520,0.586,0.266
771,0.455,0.218,0.098,0.460,0.807,0.520,0.586,0.266
772,0.458,0.216,0.098,0.460,0.807,0.521,0.586,0.266
773,0.462,0.218,0.097,0.460,0.808,0.521,0.587,0.266
774,0.453,0.216,0.098,0.460,0.808,0.520,0.586,0.266
775,0.456,0.216,0.098,0.461,0.808,0.521,0.587,0.266
776,0.446,0.213,0.096,0.461,0.808,0.521,0.587,0.266
777,0.450,0.217,0.098,0.461,0.807,0.521,0.587,0.266
778,0.447,0.214,0.097,0.461,0.808,0.521,0.587,0.267
779,0.444,0.212,0.096,0.461,0.806,0.521,0.587,0.267
780,0.434,0.209,0.095,0.461,0.806,0.521,0.587,0.267
781,0.447,0.214,0.095,0.461,0.808,0.521,0.587,0.267
782,0.447,0.213,0.097,0.461,0.808,0.521,0.587,0.267
783,0.451,0.218,0.097,0.461,0.808,0.521,0.587,0.267
784,0.462,0.218,0.099,0.461,0.808,0.521,0.587,0.267
785,0.454,0.213,0.097,0.462,0.807,0.521,0.587,0.267
786,0.456,0.216,0.098,0.462,0.807,0.521,0.587,0.267
787,0.441,0.212,0.097,0.462,0.807,0.521,0.588,0.267
788,0.465,0.218,0.100,0.462,0.807,0.521,0.587,0.267
789,0.462,0.219,0.098,0.462,0.807,0.521,0.588,0.267
790,0.446,0.216,0.096,0.462,0.807,0.521,0.588,0.267
791,0.449,0.217,0.098,0.462,0.807,0.521,0.588,0.267
792,0.460,0.218,0.099,0.462,0.807,0.521,0.588,0.267
793,0.452,0.216,0.097,0.462,0.807,0.521,0.588,0.267
794,0.448,0.213,0.096,0.463,0.807,0.521,0.588,0.267
795,0.442,0.210,0.095,0.462,0.808,0.521,0.588,0.267
796,0.448,0.213,0.096,0.461,0.808,0.521,0.587,0.267
797,0.442,0.211,0.097,0.462,0.807,0.521,0.588,0.267
798,0.451,0.216,0.097,0.462,0.808,0.521,0.588,0.267
799,0.444,0.213,0.096,0.463,0.808,0.521,0.588,0.267
800,0.456,0.216,0.098,0.463,0.807,0.522,0.588,0.267
801,0.450,0.214,0.098,0.463,0.807,0.522,0.588,0.267
802,0.442,0.210,0.096,0.463,0.807,0.521,0.588,0.267
803,0.438,0.209,0.096,0.463,0.807,0.521,0.588,0.267
804,0.444,0.214,0.095,0.463,0.807,0.522,0.588,0.267
805,0.454,0.215,0.097,0.463,0.808,0.522,0.588,0.267
806,0.450,0.217,0.097,0.462,0.809,0.522,0.588,0.267
807,0.451,0.213,0.097,0.462,0.809,0.522,0.588,0.267
808,0.448,0.213,0.097,0.462,0.809,0.522,0.588,0.267
809,0.456,0.213,0.097,0.462,0.809,0.522,0.588,0.267
810,0.467,0.219,0.100,0.462,0.809,0.521,0.588,0.267
811,0.441,0.212,0.096,0.462,0.810,0.522,0.588,0.267
812,0.467,0.219,0.098,0.462,0.810,0.522,0.589,0.267
813,0.448,0.216,0.095,0.462,0.810,0.522,0.589,0.267
814,0.447,0.212,0.097,0.462,0.809,0.522,0.588,0.267
815,0.454,0.215,0.097,0.462,0.810,0.522,0.589,0.267
816,0.444,0.214,0.095,0.462,0.809,0.522,0.588,0.267
817,0.438,0.208,0.096,0.462,0.811,0.522,0.588,0.267
818,0.461,0.218,0.097,0.462,0.810,0.522,0.589,0.267
819,0.441,0.210,0.098,0.462,0.812,0.522,0.589,0.267
820,0.461,0.214,0.097,0.462,0.812,0.522,0.589,0.267
821,0.453,0.216,0.096,0.462,0.812,0.522,0.589,0.267
822,0.467,0.222,0.099,0.462,0.812,0.522,0.589,0.267
823,0.434,0.208,0.097,0.462,0.813,0.522,0.589,0.267
824,0.459,0.216,0.098,0.462,0.812,0.522,0.589,0.267
825,0.461,0.215,0.098,0.462,0.812,0.522,0.589,0.267
826,0.451,0.214,0.097,0.462,0.813,0.522,0.589,0.267
827,0.454,0.217,0.097,0.462,0.811,0.522,0.589,0.267
828,0.441,0.212,0.096,0.463,0.811,0.522,0.589,0.267
829,0.457,0.217,0.097,0.463,0.811,0.523,0.589,0.267
830,0.462,0.220,0.097,0.463,0.811,0.522,0.589,0.267
831,0.437,0.207,0.095,0.462,0.810,0.522,0.589,0.267
832,0.447,0.215,0.097,0.462,0.810,0.522,0.589,0.267
833,0.457,0.216,0.097,0.462,0.809,0.522,0.588,0.267
834,0.452,0.213,0.096,0.462,0.809,0.522,0.588,0.267
835,0.461,0.217,0.097,0.462,0.809,0.522,0.588,0.267
836,0.444,0.214,0.096,0.462,0.810,0.522,0.588,0.267
837,0.451,0.214,0.096,0.462,0.810,0.522,0.588,0.267
838,0.455,0.216,0.095,0.462,0.808,0.522,0.588,0.267
839,0.451,0.211,0.096,0.462,0.808,0.522,0.588,0.267
840,0.453,0.213,0.098,0.462,0.808,0.522,0.588,0.267
841,0.449,0.210,0.097,0.463,0.808,0.522,0.588,0.267
842,0.440,0.211,0.095,0.462,0.808,0.522,0.588,0.267
843,0.441,0.214,0.096,0.462,0.808,0.522,0.588,0.267
844,0.446,0.214,0.096,0.463,0.808,0.522,0.588,0.267
845,0.461,0.217,0.098,0.463,0.808,0.522,0.588,0.267
846,0.442,0.213,0.096,0.462,0.808,0.522,0.588,0.267
847,0.444,0.214,0.096,0.463,0.809,0.523,0.588,0.267
848,0.441,0.211,0.094,0.462,0.808,0.523,0.588,0.267
849,0.449,0.215,0.095,0.463,0.809,0.523,0.588,0.268
850,0.454,0.216,0.098,0.463,0.809,0.523,0.589,0.268
851,0.453,0.215,0.096,0.463,0.808,0.523,0.589,0.267
852,0.462,0.219,0.097,0.463,0.808,0.523,0.588,0.267
853,0.461,0.216,0.098,0.463,0.809,0.523,0.589,0.268
854,0.464,0.217,0.099,0.463,0.809,0.523,0.589,0.268
855,0.443,0.210,0.096,0.463,0.809,0.523,0.589,0.268
856,0.460,0.218,0.098,0.463,0.808,0.523,0.589,0.268
857,0.457,0.215,0.096,0.464,0.808,0.523,0.589,0.268
858,0.461,0.215,0.096,0.464,0.808,0.523,0.589,0.268
859,0.466,0.222,0.099,0.463,0.810,0.523,0.589,0.268
860,0.453,0.214,0.097,0.464,0.808,0.523,0.589,0.268
861,0.443,0.213,0.095,0.463,0.809,0.523,0.589,0.268
862,0.444,0.215,0.096,0.464,0.808,0.524,0.589,0.268
863,0.443,0.213,0.096,0.464,0.808,0.524,0.590,0.268
864,0.444,0.212,0.097,0.464,0.808,0.524,0.589,0.268
865,0.448,0.214,0.097,0.463,0.810,0.523,0.589,0.268
866,0.445,0.210,0.096,0.463,0.809,0.524,0.589,0.268
867,0.446,0.214,0.097,0.463,0.810,0.524,0.589,0.268
868,0.447,0.213,0.096,0.464,0.808,0.524,0.589,0.268
869,0.453,0.217,0.096,0.464,0.808,0.523,0.590,0.268
870,0.445,0.212,0.096,0.464,0.809,0.524,0.590,0.268
871,0.442,0.210,0.096,0.464,0.809,0.524,0.590,0.268
872,0.449,0.214,0.094,0.464,0.808,0.524,0.589,0.268
873,0.455,0.217,0.096,0.464,0.808,0.524,0.589,0.268
874,0.452,0.215,0.096,0.464,0.808,0.524,0.590,0.268
875,0.444,0.211,0.093,0.464,0.809,0.524,0.589,0.268
876,0.449,0.214,0.097,0.464,0.809,0.524,0.589,0.268
877,0.441,0.209,0.094,0.464,0.809,0.524,0.589,0.268
878,0.464,0.223,0.097,0.464,0.809,0.524,0.590,0.268
879,0.446,0.212,0.097,0.463,0.809,0.524,0.589,0.268
880,0.440,0.215,0.096,0.464,0.807,0.524,0.589,0.268
881,0.438,0.210,0.095,0.464,0.807,0.524,0.589,0.268
882,0.456,0.213,0.095,0.463,0.809,0.524,0.589,0.268
883,0.449,0.212,0.095,0.463,0.809,0.524,0.589,0.268
884,0.452,0.215,0.096,0.463,0.809,0.524,0.589,0.268
885,0.460,0.216,0.096,0.463,0.809,0.524,0.589,0.268
886,0.445,0.213,0.096,0.464,0.809,0.524,0.589,0.268
887,0.445,0.211,0.096,0.464,0.809,0.524,0.589,0.268
888,0.454,0.214,0.096,0.464,0.809,0.524,0.590,0.268
889,0.451,0.212,0.097,0.464,0.809,0.524,0.590,0.268
890,0.450,0.212,0.095,0.464,0.809,0.524,0.589,0.268
891,0.436,0.213,0.097,0.464,0.809,0.524,0.589,0.268
892,0.456,0.214,0.096,0.463,0.809,0.524,0.589,0.268
893,0.442,0.213,0.096,0.463,0.809,0.524,0.589,0.269
894,0.458,0.217,0.096,0.464,0.809,0.524,0.590,0.269
895,0.440,0.211,0.094,0.464,0.809,0.524,0.589,0.268
896,0.458,0.219,0.096,0.464,0.809,0.524,0.590,0.268
897,0.437,0.210,0.094,0.464,0.809,0.524,0.590,0.269
898,0.455,0.217,0.096,0.464,0.809,0.524,0.590,0.268
899,0.454,0.216,0.097,0.464,0.809,0.524,0.590,0.269
900,0.447,0.213,0.095,0.465,0.807,0.524,0.590,0.269
901,0.452,0.212,0.094,0.464,0.809,0.524,0.590,0.268
902,0.444,0.212,0.093,0.464,0.809,0.525,0.590,0.269
903,0.447,0.213,0.094,0.464,0.809,0.524,0.590,0.269
904,0.441,0.208,0.094,0.464,0.810,0.525,0.590,0.269
905,0.448,0.213,0.095,0.464,0.810,0.525,0.590,0.269
906,0.444,0.210,0.097,0.464,0.809,0.525,0.590,0.269
907,0.456,0.217,0.098,0.464,0.809,0.525,0.590,0.269
908,0.441,0.213,0.096,0.464,0.809,0.524,0.590,0.269
909,0.457,0.215,0.098,0.464,0.809,0.524,0.590,0.269
910,0.424,0.206,0.094,0.464,0.809,0.524,0.590,0.269
911,0.441,0.212,0.094,0.464,0.809,0.524,0.590,0.269
912,0.457,0.220,0.098,0.465,0.807,0.524,0.590,0.269
913,0.451,0.214,0.097,0.465,0.807,0.525,0.590,0.269
914,0.437,0.212,0.095,0.465,0.808,0.525,0.590,0.269
915,0.468,0.218,0.098,0.465,0.808,0.525,0.590,0.269
916,0.450,0.214,0.095,0.465,0.808,0.525,0.590,0.269
917,0.442,0.213,0.095,0.465,0.808,0.524,0.590,0.269
918,0.457,0.214,0.096,0.465,0.808,0.525,0.590,0.269
919,0.462,0.220,0.098,0.465,0.808,0.525,0.590,0.269
920,0.457,0.215,0.096,0.465,0.808,0.525,0.590,0.269
921,0.441,0.209,0.095,0.465,0.807,0.525,0.590,0.269
922,0.453,0.215,0.097,0.465,0.807,0.525,0.590,0.269
923,0.464,0.216,0.097,0.465,0.808,0.525,0.590,0.269
924,0.438,0.209,0.095,0.465,0.808,0.525,0.591,0.269
925,0.454,0.213,0.097,0.465,0.808,0.525,0.591,0.269
926,0.433,0.204,0.095,0.465,0.808,0.525,0.591,0.269
927,0.444,0.213,0.095,0.466,0.807,0.525,0.591,0.269
928,0.443,0.206,0.094,0.465,0.807,0.525,0.590,0.269
929,0.437,0.213,0.095,0.465,0.807,0.525,0.590,0.269
930,0.444,0.209,0.095,0.465,0.807,0.525,0.590,0.269
931,0.439,0.212,0.094,0.465,0.807,0.525,0.590,0.269
932,0.450,0.210,0.094,0.465,0.807,0.525,0.590,0.269
933,0.450,0.214,0.094,0.465,0.807,0.525,0.590,0.269
934,0.452,0.215,0.095,0.465,0.808,0.525,0.590,0.269
935,0.450,0.215,0.095,0.465,0.808,0.525,0.590,0.269
936,0.450,0.213,0.095,0.465,0.808,0.525,0.590,0.269
937,0.443,0.215,0.096,0.465,0.808,0.525,0.591,0.269
938,0.420,0.204,0.093,0.465,0.808,0.525,0.590,0.269
939,0.448,0.215,0.095,0.465,0.808,0.525,0.590,0.269
940,0.463,0.217,0.096,0.465,0.808,0.525,0.590,0.269
941,0.460,0.214,0.098,0.465,0.809,0.525,0.591,0.269
942,0.445,0.212,0.097,0.465,0.809,0.525,0.590,0.269
943,0.453,0.216,0.097,0.465,0.809,0.525,0.590,0.269
944,0.447,0.215,0.094,0.465,0.809,0.525,0.591,0.269
945,0.443,0.213,0.094,0.465,0.809,0.525,0.591,0.269
946,0.461,0.214,0.096,0.465,0.809,0.525,0.591,0.269
947,0.447,0.216,0.096,0.466,0.807,0.526,0.591,0.269
948,0.436,0.207,0.093,0.466,0.808,0.526,0.591,0.269
949,0.451,0.212,0.093,0.466,0.808,0.526,0.591,0.269
950,0.447,0.215,0.094,0.466,0.808,0.526,0.591,0.269
951,0.454,0.215,0.096,0.466,0.808,0.526,0.592,0.269
952,0.451,0.213,0.096,0.467,0.809,0.527,0.592,0.269
953,0.444,0.210,0.096,0.466,0.808,0.526,0.591,0.269
954,0.451,0.213,0.098,0.466,0.808,0.526,0.591,0.269
955,0.442,0.212,0.095,0.466,0.808,0.526,0.591,0.269
956,0.442,0.212,0.096,0.466,0.808,0.526,0.591,0.269
957,0.453,0.214,0.097,0.466,0.808,0.526,0.591,0.269
958,0.440,0.208,0.093,0.466,0.808,0.526,0.591,0.269
959,0.435,0.209,0.094,0.467,0.807,0.527,0.592,0.269
960,0.438,0.211,0.095,0.467,0.807,0.527,0.592,0.269
961,0.448,0.212,0.095,0.466,0.809,0.527,0.592,0.269
962,0.434,0.210,0.093,0.467,0.807,0.527,0.592,0.269
963,0.457,0.215,0.096,0.467,0.807,0.527,0.592,0.269
964,0.448,0.212,0.096,0.467,0.809,0.527,0.592,0.269
965,0.442,0.211,0.095,0.467,0.808,0.527,0.592,0.269
966,0.435,0.209,0.093,0.467,0.808,0.527,0.592,0.269
967,0.445,0.215,0.096,0.467,0.808,0.527,0.592,0.269
968,0.454,0.213,0.093,0.467,0.808,0.527,0.592,0.269
969,0.459,0.215,0.096,0.467,0.808,0.527,0.592,0.269
970,0.451,0.215,0.096,0.467,0.808,0.527,0.592,0.269
971,0.451,0.212,0.096,0.467,0.808,0.527,0.592,0.269
972,0.439,0.211,0.094,0.467,0.809,0.527,0.592,0.269
973,0.448,0.213,0.097,0.467,0.809,0.527,0.592,0.269
974,0.441,0.210,0.094,0.467,0.808,0.527,0.592,0.269
975,0.468,0.216,0.097,0.468,0.808,0.527,0.592,0.269
976,0.446,0.210,0.096,0.468,0.808,0.527,0.592,0.269
977,0.454,0.214,0.096,0.467,0.809,0.527,0.592,0.269
978,0.439,0.209,0.094,0.467,0.809,0.527,0.592,0.269
979,0.448,0.214,0.096,0.467,0.809,0.527,0.592,0.269
980,0.465,0.221,0.099,0.467,0.809,0.527,0.592,0.269
981,0.440,0.210,0.094,0.467,0.808,0.526,0.592,0.269
982,0.454,0.212,0.096,0.468,0.807,0.527,0.592,0.269
983,0.452,0.210,0.094,0.468,0.807,0.527,0.592,0.269
984,0.450,0.214,0.094,0.468,0.807,0.527,0.592,0.269
985,0.445,0.213,0.095,0.467,0.809,0.527,0.592,0.270
986,0.449,0.212,0.095,0.468,0.807,0.527,0.592,0.269
987,0.439,0.210,0.094,0.468,0.807,0.527,0.592,0.269
988,0.450,0.218,0.098,0.468,0.809,0.527,0.592,0.269
989,0.450,0.214,0.095,0.467,0.809,0.527,0.592,0.270
990,0.449,0.212,0.092,0.468,0.809,0.527,0.592,0.270
991,0.442,0.209,0.093,0.467,0.808,0.527,0.592,0.270
992,0.439,0.212,0.095,0.467,0.808,0.527,0.592,0.270
993,0.428,0.207,0.092,0.467,0.808,0.527,0.592,0.269
994,0.449,0.214,0.095,0.467,0.808,0.527,0.592,0.270
995,0.452,0.214,0.096,0.467,0.809,0.527,0.592,0.270
996,0.434,0.205,0.092,0.468,0.807,0.528,0.592,0.270
997,0.449,0.212,0.095,0.468,0.807,0.528,0.592,0.270
998,0.448,0.214,0.094,0.468,0.807,0.528,0.592,0.270
999,0.426,0.206,0.093,0.468,0.806,0.527,0.592,0.270
1000,0.460,0.215,0.097,0.468,0.807,0.527,0.592,0.270
1001,0.440,0.211,0.095,0.468,0.807,0.528,0.592,0.270
1002,0.455,0.217,0.097,0.468,0.808,0.528,0.592,0.270
1003,0.442,0.213,0.096,0.468,0.807,0.528,0.593,0.270
1004,0.449,0.214,0.096,0.468,0.808,0.528,0.593,0.270
1005,0.436,0.208,0.093,0.468,0.808,0.528,0.593,0.270
1006,0.453,0.215,0.096,0.468,0.808,0.528,0.593,0.270
1007,0.457,0.214,0.096,0.468,0.808,0.528,0.593,0.270
1008,0.437,0.212,0.094,0.468,0.808,0.528,0.593,0.270
1009,0.460,0.219,0.096,0.468,0.807,0.528,0.593,0.270
1010,0.455,0.216,0.096,0.468,0.808,0.528,0.593,0.270
1011,0.438,0.212,0.094,0.468,0.808,0.528,0.593,0.270
1012,0.460,0.215,0.095,0.468,0.808,0.528,0.593,0.270
1013,0.451,0.212,0.096,0.468,0.808,0.528,0.593,0.270
1014,0.445,0.212,0.094,0.468,0.806,0.528,0.593,0.270
1015,0.449,0.211,0.093,0.468,0.808,0.528,0.593,0.270
1016,0.447,0.214,0.095,0.468,0.808,0.528,0.593,0.270
1017,0.444,0.212,0.094,0.468,0.808,0.528,0.593,0.270
1018,0.437,0.209,0.094,0.468,0.808,0.528,0.593,0.270
1019,0.457,0.218,0.095,0.468,0.808,0.528,0.593,0.269
1020,0.448,0.212,0.095,0.469,0.806,0.528,0.593,0.270
1021,0.442,0.209,0.092,0.468,0.808,0.528,0.593,0.270
1022,0.441,0.210,0.093,0.468,0.808,0.528,0.593,0.270
1023,0.444,0.213,0.095,0.468,0.808,0.528,0.593,0.270
1024,0.448,0.213,0.094,0.468,0.808,0.528,0.593,0.270
1025,0.447,0.211,0.094,0.468,0.808,0.528,0.593,0.270
1026,0.443,0.213,0.095,0.469,0.808,0.528,0.593,0.270
1027,0.453,0.215,0.095,0.469,0.809,0.528,0.593,0.270
1028,0.423,0.205,0.091,0.469,0.807,0.528,0.593,0.270
1029,0.449,0.215,0.096,0.468,0.809,0.528,0.593,0.270
1030,0.439,0.210,0.094,0.469,0.807,0.529,0.594,0.270
1031,0.447,0.211,0.095,0.469,0.808,0.528,0.594,0.270
1032,0.446,0.211,0.096,0.469,0.808,0.528,0.594,0.270
1033,0.458,0.215,0.096,0.469,0.808,0.529,0.594,0.270
1034,0.436,0.209,0.094,0.469,0.808,0.529,0.594,0.270
1035,0.445,0.209,0.093,0.469,0.808,0.529,0.594,0.270
1036,0.441,0.212,0.095,0.469,0.807,0.529,0.594,0.270
1037,0.438,0.209,0.093,0.470,0.808,0.529,0.594,0.270
1038,0.434,0.206,0.094,0.470,0.807,0.529,0.594,0.270
1039,0.450,0.210,0.094,0.469,0.809,0.529,0.594,0.270
1040,0.449,0.212,0.093,0.469,0.809,0.529,0.594,0.270
1041,0.425,0.203,0.090,0.469,0.809,0.529,0.594,0.270
1042,0.440,0.209,0.093,0.469,0.809,0.529,0.594,0.270
1043,0.433,0.210,0.093,0.469,0.809,0.529,0.594,0.270
1044,0.436,0.211,0.095,0.469,0.809,0.529,0.594,0.270
1045,0.437,0.209,0.094,0.470,0.807,0.529,0.594,0.270
1046,0.451,0.213,0.095,0.469,0.809,0.529,0.594,0.270
1047,0.448,0.212,0.094,0.469,0.809,0.529,0.594,0.270
1048,0.460,0.216,0.093,0.469,0.809,0.529,0.594,0.270
1049,0.436,0.208,0.091,0.470,0.807,0.529,0.594,0.270
1050,0.457,0.213,0.094,0.469,0.808,0.529,0.594,0.270
1051,0.439,0.210,0.094,0.469,0.808,0.529,0.594,0.270
1052,0.456,0.215,0.095,0.469,0.808,0.529,0.594,0.270
1053,0.434,0.208,0.093,0.469,0.808,0.529,0.594,0.270
1054,0.439,0.208,0.095,0.470,0.808,0.529,0.594,0.270
1055,0.444,0.215,0.095,0.470,0.808,0.529,0.594,0.270
1056,0.437,0.211,0.093,0.470,0.808,0.529,0.594,0.270
1057,0.431,0.210,0.094,0.469,0.808,0.529,0.594,0.270
1058,0.434,0.211,0.093,0.469,0.808,0.529,0.594,0.270
1059,0.418,0.204,0.090,0.469,0.808,0.529,0.594,0.270
1060,0.449,0.208,0.095,0.469,0.808,0.529,0.594,0.270
1061,0.440,0.211,0.094,0.469,0.808,0.529,0.594,0.270
1062,0.440,0.208,0.093,0.469,0.808,0.529,0.594,0.270
1063,0.441,0.208,0.095,0.469,0.808,0.529,0.594,0.270
1064,0.461,0.219,0.096,0.470,0.808,0.529,0.594,0.270
1065,0.435,0.208,0.092,0.470,0.806,0.530,0.594,0.270
1066,0.456,0.216,0.094,0.470,0.806,0.529,0.594,0.270
1067,0.453,0.217,0.095,0.470,0.806,0.530,0.594,0.270
1068,0.438,0.209,0.093,0.470,0.806,0.530,0.594,0.270
1069,0.445,0.208,0.093,0.470,0.806,0.530,0.594,0.270
1070,0.450,0.212,0.093,0.470,0.807,0.529,0.594,0.270
1071,0.442,0.212,0.094,0.470,0.806,0.529,0.594,0.270
1072,0.440,0.213,0.093,0.470,0.806,0.530,0.594,0.270
1073,0.430,0.208,0.092,0.470,0.807,0.530,0.594,0.270
1074,0.444,0.213,0.094,0.471,0.807,0.530,0.595,0.270
1075,0.447,0.212,0.092,0.471,0.807,0.530,0.595,0.270
1076,0.441,0.212,0.094,0.471,0.807,0.530,0.595,0.270
1077,0.450,0.212,0.093,0.471,0.807,0.530,0.595,0.270
1078,0.432,0.211,0.094,0.471,0.807,0.530,0.595,0.270
1079,0.448,0.215,0.094,0.471,0.807,0.530,0.594,0.270
1080,0.441,0.210,0.092,0.471,0.807,0.530,0.594,0.270
1081,0.446,0.213,0.094,0.471,0.807,0.530,0.595,0.270
1082,0.441,0.211,0.094,0.471,0.806,0.530,0.595,0.270
1083,0.440,0.209,0.092,0.471,0.807,0.530,0.595,0.270
1084,0.443,0.212,0.094,0.471,0.807,0.530,0.595,0.270
1085,0.460,0.215,0.094,0.471,0.807,0.530,0.594,0.270
1086,0.448,0.212,0.095,0.470,0.807,0.530,0.594,0.270
1087,0.449,0.211,0.096,0.470,0.806,0.530,0.594,0.270
1088,0.428,0.203,0.090,0.470,0.806,0.530,0.594,0.270
1089,0.460,0.216,0.095,0.470,0.806,0.530,0.594,0.270
1090,0.437,0.207,0.092,0.471,0.806,0.530,0.594,0.270
1091,0.423,0.206,0.091,0.471,0.806,0.530,0.594,0.270
1092,0.417,0.203,0.090,0.471,0.806,0.530,0.594,0.270
1093,0.441,0.213,0.094,0.471,0.806,0.530,0.594,0.270
1094,0.435,0.206,0.091,0.471,0.806,0.530,0.594,0.270
1095,0.450,0.214,0.094,0.471,0.806,0.530,0.594,0.270
1096,0.444,0.210,0.092,0.470,0.805,0.530,0.594,0.270
1097,0.455,0.214,0.094,0.471,0.805,0.530,0.594,0.270
1098,0.448,0.216,0.094,0.471,0.806,0.530,0.594,0.270
1099,0.460,0.217,0.096,0.471,0.804,0.530,0.594,0.270
1100,0.440,0.210,0.091,0.471,0.806,0.530,0.594,0.270
1101,0.419,0.203,0.091,0.471,0.806,0.530,0.594,0.270
1102,0.431,0.208,0.091,0.471,0.806,0.530,0.594,0.270
1103,0.451,0.211,0.093,0.471,0.805,0.530,0.594,0.270
1104,0.432,0.207,0.091,0.471,0.806,0.530,0.594,0.270
1105,0.452,0.217,0.093,0.472,0.804,0.530,0.594,0.270
1106,0.453,0.213,0.095,0.471,0.804,0.530,0.594,0.270
1107,0.430,0.204,0.092,0.471,0.804,0.530,0.594,0.270
1108,0.427,0.206,0.089,0.472,0.804,0.531,0.595,0.271
1109,0.443,0.211,0.094,0.472,0.805,0.531,0.595,0.271
1110,0.439,0.210,0.092,0.472,0.805,0.531,0.595,0.270
1111,0.442,0.209,0.093,0.472,0.805,0.531,0.595,0.270
1112,0.445,0.213,0.092,0.472,0.805,0.531,0.595,0.270
1113,0.432,0.207,0.093,0.472,0.803,0.531,0.595,0.270
1114,0.453,0.214,0.095,0.472,0.805,0.531,0.595,0.271
1115,0.446,0.212,0.093,0.472,0.804,0.531,0.595,0.271
1116,0.425,0.205,0.090,0.472,0.804,0.531,0.595,0.271
1117,0.437,0.209,0.090,0.472,0.804,0.531,0.595,0.271
1118,0.443,0.210,0.092,0.472,0.805,0.531,0.595,0.271
1119,0.433,0.204,0.092,0.472,0.804,0.530,0.595,0.271
1120,0.442,0.210,0.092,0.471,0.804,0.530,0.594,0.271
1121,0.444,0.210,0.093,0.472,0.804,0.531,0.595,0.271
1122,0.444,0.212,0.094,0.472,0.804,0.531,0.594,0.271
1123,0.436,0.209,0.093,0.472,0.804,0.531,0.594,0.271
1124,0.452,0.216,0.095,0.472,0.804,0.531,0.594,0.271
1125,0.443,0.209,0.091,0.472,0.804,0.531,0.594,0.271
1126,0.450,0.212,0.094,0.472,0.804,0.531,0.595,0.271
1127,0.444,0.209,0.092,0.472,0.804,0.531,0.595,0.271
1128,0.440,0.211,0.092,0.472,0.804,0.531,0.594,0.271
1129,0.436,0.208,0.090,0.472,0.804,0.531,0.594,0.271
1130,0.450,0.212,0.092,0.472,0.803,0.531,0.594,0.271
1131,0.449,0.212,0.093,0.472,0.803,0.531,0.595,0.271
1132,0.436,0.206,0.094,0.472,0.804,0.531,0.595,0.271
1133,0.450,0.213,0.094,0.472,0.804,0.531,0.595,0.271
1134,0.436,0.210,0.091,0.473,0.801,0.531,0.595,0.271
1135,0.449,0.211,0.093,0.473,0.801,0.531,0.594,0.271
1136,0.455,0.214,0.093,0.472,0.803,0.531,0.595,0.271
1137,0.433,0.206,0.091,0.472,0.802,0.531,0.595,0.271
1138,0.457,0.213,0.093,0.473,0.802,0.531,0.595,0.271
1139,0.432,0.207,0.092,0.472,0.803,0.531,0.595,0.271
1140,0.436,0.206,0.092,0.472,0.802,0.531,0.595,0.271
1141,0.440,0.209,0.093,0.472,0.803,0.531,0.595,0.271
1142,0.443,0.209,0.092,0.472,0.803,0.531,0.595,0.271
1143,0.444,0.209,0.092,0.473,0.802,0.531,0.595,0.271
1144,0.446,0.212,0.094,0.473,0.802,0.531,0.595,0.271
1145,0.428,0.205,0.090,0.473,0.802,0.531,0.595,0.271
1146,0.439,0.209,0.092,0.472,0.803,0.531,0.595,0.271
1147,0.436,0.207,0.091,0.473,0.802,0.531,0.595,0.271
1148,0.445,0.210,0.093,0.473,0.802,0.531,0.595,0.271
1149,0.437,0.208,0.092,0.472,0.802,0.531,0.595,0.271
1150,0.431,0.206,0.090,0.473,0.802,0.531,0.595,0.271
1151,0.437,0.209,0.092,0.473,0.802,0.531,0.595,0.271
1152,0.453,0.212,0.094,0.473,0.802,0.531,0.595,0.271
1153,0.453,0.210,0.092,0.473,0.802,0.531,0.595,0.271
1154,0.442,0.210,0.093,0.473,0.802,0.531,0.595,0.271
1155,0.443,0.209,0.092,0.473,0.802,0.531,0.595,0.271
1156,0.421,0.204,0.089,0.474,0.800,0.531,0.595,0.271
1157,0.443,0.209,0.091,0.473,0.802,0.531,0.595,0.271
1158,0.440,0.208,0.093,0.473,0.802,0.531,0.595,0.271
1159,0.450,0.213,0.093,0.473,0.802,0.531,0.595,0.271
1160,0.429,0.208,0.094,0.473,0.802,0.532,0.595,0.271
1161,0.438,0.211,0.093,0.474,0.802,0.532,0.596,0.271
1162,0.434,0.210,0.092,0.474,0.802,0.532,0.596,0.271
1163,0.444,0.209,0.092,0.474,0.802,0.532,0.596,0.271
1164,0.430,0.207,0.091,0.474,0.802,0.532,0.596,0.271
1165,0.450,0.210,0.094,0.474,0.801,0.532,0.596,0.271
1166,0.447,0.210,0.092,0.474,0.801,0.532,0.596,0.271
1167,0.448,0.214,0.094,0.475,0.800,0.532,0.596,0.271
1168,0.433,0.205,0.089,0.475,0.800,0.532,0.596,0.271
1169,0.446,0.210,0.091,0.475,0.800,0.532,0.596,0.271
1170,0.434,0.211,0.091,0.475,0.800,0.532,0.596,0.271
1171,0.430,0.204,0.091,0.475,0.800,0.532,0.596,0.271
1172,0.445,0.210,0.094,0.474,0.802,0.532,0.596,0.271
1173,0.431,0.206,0.092,0.474,0.802,0.532,0.596,0.271
1174,0.447,0.212,0.093,0.474,0.802,0.532,0.596,0.271
1175,0.435,0.206,0.091,0.474,0.801,0.532,0.596,0.271
1176,0.445,0.210,0.092,0.474,0.801,0.532,0.596,0.271
1177,0.438,0.207,0.092,0.474,0.801,0.532,0.596,0.271
1178,0.439,0.211,0.093,0.474,0.801,0.532,0.596,0.271
1179,0.450,0.213,0.094,0.474,0.801,0.532,0.596,0.271
1180,0.447,0.208,0.094,0.474,0.801,0.532,0.596,0.271
1181,0.438,0.207,0.092,0.474,0.801,0.532,0.596,0.271
1182,0.416,0.201,0.090,0.473,0.803,0.532,0.596,0.271
1183,0.437,0.206,0.090,0.474,0.803,0.532,0.596,0.271
1184,0.434,0.207,0.091,0.474,0.801,0.533,0.596,0.271
1185,0.447,0.207,0.093,0.474,0.801,0.533,0.596,0.271
1186,0.443,0.210,0.091,0.475,0.801,0.533,0.596,0.271
1187,0.444,0.211,0.092,0.475,0.801,0.533,0.596,0.271
1188,0.434,0.207,0.089,0.474,0.801,0.533,0.596,0.271
1189,0.440,0.208,0.090,0.474,0.802,0.532,0.596,0.272
1190,0.431,0.208,0.089,0.474,0.802,0.532,0.596,0.272
1191,0.438,0.207,0.090,0.474,0.802,0.532,0.596,0.272
1192,0.452,0.212,0.092,0.474,0.802,0.532,0.596,0.272
1193,0.437,0.210,0.091,0.474,0.802,0.532,0.596,0.272
1194,0.430,0.208,0.091,0.474,0.802,0.532,0.596,0.272
1195,0.432,0.205,0.090,0.474,0.802,0.532,0.596,0.272
1196,0.443,0.211,0.091,0.474,0.802,0.532,0.595,0.272
1197,0.437,0.208,0.090,0.474,0.802,0.532,0.596,0.272
1198,0.442,0.209,0.090,0.474,0.802,0.532,0.596,0.272
1199,0.428,0.208,0.090,0.474,0.802,0.532,0.596,0.272
1200,0.429,0.203,0.092,0.474,0.802,0.532,0.596,0.272
